Stream_ID,User_ID,Song_ID,Stream_Date,Minutes_Listened,Device
1,104,98,2023-07-24,4.54,Mobile
2,23,65,2024-01-28,3.44,Mobile
3,126,52,2024-03-07,1.72,Tablet
4,96,100,2024-11-29,3.8,Mobile
5,146,87,2023-03-26,1.93,Tablet
6,121,81,2024-02-17,4.97,Mobile
7,93,137,2023-03-24,3.61,Desktop
8,14,92,2023-05-13,4.79,Mobile
9,114,153,2023-07-01,2.51,Mobile
10,6,44,2024-04-30,3.28,Console
11,23,37,2023-11-14,3.42,Mobile
12,104,52,2023-02-26,2.74,Desktop
13,33,91,2024-12-12,4.92,Smart Speaker
14,39,156,2024-02-23,2.62,Mobile
15,46,105,2023-05-30,3.22,Mobile
16,128,60,2023-09-21,2.33,Mobile
17,19,129,2023-10-22,8.98,Mobile
18,97,103,2023-12-11,1.66,Mobile
19,95,137,2023-04-05,3.3,Mobile
20,103,198,2024-03-30,3.84,Mobile
21,80,28,2024-12-05,1.04,Tablet
22,64,99,2023-10-31,3.71,Smart TV
23,108,66,2023-03-13,2.53,Smart TV
24,123,137,2023-05-11,1.21,Smart TV
25,105,169,2024-09-17,2.88,Smart Speaker
26,113,50,2024-01-24,3.36,Mobile
27,91,178,2023-10-30,1.01,Smart Speaker
28,44,164,2023-09-25,3.14,Smart TV
29,60,105,2023-12-20,3.63,Desktop
30,52,1,2024-06-18,3.22,Smart Speaker
31,43,131,2024-03-30,1.05,Smart TV
32,107,120,2024-07-27,4.17,Desktop
33,74,52,2023-01-22,2.18,Mobile
34,9,15,2024-03-02,3.22,Desktop
35,148,76,2023-07-18,3.3,Tablet
36,103,45,2023-09-29,3.26,Mobile
37,115,178,2024-12-19,3.35,Smart Speaker
38,93,65,2023-08-01,3.4,Smart TV
39,98,48,2024-05-05,4.4,Console
40,44,20,2024-06-28,2.7,Mobile
41,85,127,2023-03-15,3.38,Desktop
42,137,71,2024-10-10,3.24,Mobile
43,35,151,2023-02-18,2.06,Desktop
44,143,194,2023-10-27,3.51,Smart Speaker
45,107,59,2023-07-13,3.28,Mobile
46,94,19,2024-07-27,3.31,Mobile
47,91,168,2024-07-01,3.17,Smart Speaker
48,36,39,2024-07-12,3.54,Desktop
49,43,91,2023-08-26,5.3,Desktop
50,88,198,2023-02-24,2.9,Mobile
51,79,46,2023-04-24,2.84,Desktop
52,4,60,2024-01-21,1.78,Tablet
53,61,146,2024-03-30,2.32,Smart TV
54,42,43,2024-03-30,3,Mobile
55,102,6,2023-11-04,0.83,Mobile
56,74,143,2023-10-30,3.21,Tablet
57,11,91,2023-06-17,5.06,Mobile
58,84,9,2024-01-21,2.32,Desktop
59,5,196,2023-10-23,1.36,Smart Speaker
60,59,45,2024-06-20,3.23,Mobile
61,67,42,2024-08-03,2.75,Console
62,52,34,2023-07-04,2.6,Smart TV
63,47,149,2024-03-16,2.83,Mobile
64,102,115,2023-03-17,4.03,Mobile
65,123,157,2023-04-04,2.77,Smart Speaker
66,125,54,2023-04-13,2.71,Tablet
67,35,122,2023-09-12,4.99,Mobile
68,133,173,2024-05-31,2.71,Mobile
69,62,135,2023-08-21,2.73,Desktop
70,19,62,2023-09-14,3.71,Desktop
71,25,161,2023-01-31,1.4,Mobile
72,13,170,2023-10-27,3.64,Smart Speaker
73,3,148,2024-06-27,3.47,Mobile
74,89,100,2023-05-26,3.83,Mobile
75,15,7,2023-12-30,3.51,Tablet
76,98,5,2024-01-03,3.48,Mobile
77,40,200,2023-03-17,3.49,Mobile
78,66,195,2023-03-14,3.66,Smart Speaker
79,21,178,2024-01-14,3.35,Mobile
80,144,166,2023-09-27,3.21,Mobile
81,136,63,2023-03-07,0.85,Mobile
82,27,70,2023-11-11,3.02,Mobile
83,114,134,2023-01-18,2.73,Tablet
84,32,189,2023-01-19,2.88,Smart TV
85,114,110,2023-11-25,3.23,Smart Speaker
86,28,74,2024-02-12,0.74,Console
87,117,191,2024-05-16,3.21,Smart Speaker
88,13,145,2023-03-27,3.38,Mobile
89,149,5,2023-01-21,4.04,Mobile
90,28,4,2024-03-16,2.86,Mobile
91,35,199,2024-12-08,4.29,Mobile
92,80,48,2024-03-04,4.16,Mobile
93,135,78,2023-09-14,2.95,Smart Speaker
94,32,9,2024-09-11,1.25,Mobile
95,75,154,2024-05-10,2.92,Smart Speaker
96,79,115,2023-09-16,4.21,Desktop
97,39,49,2023-12-04,5.12,Mobile
98,91,155,2024-06-12,2.51,Tablet
99,147,1,2023-12-12,2.31,Desktop
100,22,3,2024-03-08,3.39,Mobile
101,50,23,2023-09-05,4.27,Smart Speaker
102,80,45,2024-07-22,3.28,Desktop
103,83,7,2023-08-12,3.41,Mobile
104,65,123,2024-07-09,4.54,Mobile
105,84,179,2024-07-20,3.19,Smart TV
106,134,155,2024-03-10,2.27,Desktop
107,143,46,2024-06-14,1.63,Mobile
108,89,40,2023-05-12,3.47,Mobile
109,143,75,2024-01-07,3.5,Web Browser
110,26,187,2024-07-16,3.02,Mobile
111,51,163,2023-06-11,2.86,Desktop
112,110,140,2024-07-11,3.96,Tablet
113,97,67,2023-04-18,2.94,Mobile
114,17,68,2024-11-28,4.19,Mobile
115,61,152,2023-05-08,3.89,Web Browser
116,71,105,2023-05-13,3.98,Tablet
117,74,180,2024-11-08,2.4,Mobile
118,131,137,2023-09-26,3.44,Desktop
119,68,78,2024-03-20,0.81,Web Browser
120,8,126,2023-08-22,4.7,Smart TV
121,62,200,2024-06-03,0.87,Tablet
122,18,91,2024-07-28,4.68,Console
123,91,199,2024-07-02,0.74,Tablet
124,4,116,2023-07-27,3.25,Desktop
125,1,56,2023-02-15,3.69,Desktop
126,48,33,2024-07-16,3.49,Mobile
127,9,78,2023-02-27,4.21,Desktop
128,96,195,2024-05-25,1.34,Mobile
129,39,177,2023-02-02,1.94,Mobile
130,52,171,2024-02-29,1.23,Desktop
131,123,21,2024-02-03,2.63,Mobile
132,78,123,2023-01-01,4.81,Mobile
133,65,60,2023-06-27,1.91,Smart Speaker
134,5,41,2024-06-25,1.25,Mobile
135,92,103,2023-06-15,1.59,Mobile
136,40,141,2024-04-19,3.63,Desktop
137,82,188,2024-10-08,2.98,Smart Speaker
138,13,129,2024-02-13,8.75,Tablet
139,120,55,2024-05-27,3.36,Web Browser
140,109,137,2023-11-20,3.36,Mobile
141,58,161,2023-09-11,1.3,Web Browser
142,105,59,2023-12-16,3.24,Mobile
143,121,98,2023-08-09,1.52,Mobile
144,2,47,2024-10-30,2.97,Desktop
145,112,82,2023-10-11,1.02,Console
146,124,146,2024-01-19,3.61,Desktop
147,114,119,2023-07-07,3.31,Desktop
148,77,138,2024-04-02,3.23,Desktop
149,117,50,2023-05-05,3.29,Mobile
150,81,16,2023-07-20,3.96,Console
151,141,110,2024-07-07,3.09,Mobile
152,33,151,2023-07-13,2.1,Smart Speaker
153,6,89,2024-12-23,3.43,Smart Speaker
154,10,50,2023-08-13,3.23,Mobile
155,2,48,2024-04-17,4.27,Mobile
156,87,63,2023-10-27,2.22,Mobile
157,11,55,2024-02-14,1.23,Tablet
158,95,88,2023-07-10,1.84,Smart Speaker
159,123,166,2024-05-21,3.1,Desktop
160,24,85,2023-04-21,0.57,Mobile
161,96,177,2024-12-22,3.17,Mobile
162,87,173,2023-10-04,2.88,Smart TV
163,68,100,2023-06-21,3.71,Mobile
164,138,21,2023-03-31,3.52,Mobile
165,52,29,2023-12-19,2.7,Mobile
166,63,14,2023-05-16,3.55,Mobile
167,2,88,2023-11-18,3.48,Smart Speaker
168,46,44,2024-12-28,3.44,Mobile
169,16,40,2023-02-03,3.58,Mobile
170,36,74,2024-10-28,4.19,Mobile
171,62,16,2023-09-12,4.02,Tablet
172,22,144,2023-06-30,2.97,Mobile
173,126,99,2024-01-04,3.59,Web Browser
174,60,55,2024-03-14,1.67,Mobile
175,51,115,2023-08-21,1.45,Mobile
176,56,88,2024-04-23,1.08,Desktop
177,10,45,2023-02-02,1.23,Tablet
178,4,19,2023-03-31,4.28,Mobile
179,18,21,2023-01-20,3.22,Tablet
180,96,200,2024-01-19,3.57,Mobile
181,47,121,2023-07-20,4.18,Mobile
182,45,177,2023-11-15,3.15,Mobile
183,56,172,2023-07-25,5.37,Smart Speaker
184,61,157,2024-04-23,2.98,Mobile
185,55,32,2023-02-04,3.38,Tablet
186,47,52,2023-05-14,2.73,Mobile
187,68,21,2023-09-05,3.69,Console
188,5,174,2024-09-23,3.29,Desktop
189,148,65,2024-06-15,3.39,Smart Speaker
190,119,138,2023-12-19,2.33,Smart Speaker
191,132,156,2023-04-22,0.64,Smart TV
192,18,44,2024-09-08,3.44,Mobile
193,150,108,2024-11-06,4.21,Mobile
194,93,154,2023-02-23,2.69,Desktop
195,65,93,2023-05-16,3.59,Desktop
196,146,119,2023-06-22,3.37,Mobile
197,72,72,2023-08-16,4.7,Smart Speaker
198,124,179,2024-08-09,3.59,Mobile
199,45,56,2024-09-29,3.64,Desktop
200,5,94,2023-01-15,1.79,Mobile
201,138,70,2024-07-28,3.07,Desktop
202,147,156,2023-07-06,2.64,Tablet
203,132,27,2024-05-08,4.91,Mobile
204,130,103,2024-08-21,2.65,Web Browser
205,22,117,2024-08-15,2.43,Mobile
206,83,27,2024-12-07,4.79,Mobile
207,42,192,2023-09-07,3,Mobile
208,59,145,2024-05-03,1.29,Mobile
209,119,66,2023-02-28,2.45,Mobile
210,48,137,2024-03-23,3.34,Desktop
211,77,28,2023-03-27,2.54,Tablet
212,37,60,2024-05-31,0.61,Mobile
213,75,122,2023-07-23,3.74,Mobile
214,111,151,2024-09-10,2.09,Mobile
215,60,37,2024-02-22,3.38,Mobile
216,98,90,2023-03-19,3.26,Desktop
217,137,6,2024-03-28,3.16,Mobile
218,56,24,2024-03-28,3.71,Desktop
219,49,58,2023-03-19,3.52,Mobile
220,58,81,2024-01-28,5.15,Smart Speaker
221,17,150,2024-08-09,2.89,Mobile
222,143,104,2023-05-18,3.47,Mobile
223,70,94,2023-05-06,4.07,Mobile
224,101,174,2023-06-11,0.57,Tablet
225,150,132,2023-02-15,3.07,Mobile
226,75,119,2023-02-07,2.42,Desktop
227,41,74,2024-10-10,4.09,Smart Speaker
228,147,123,2024-08-05,4.79,Mobile
229,23,128,2024-06-26,3.62,Tablet
230,85,31,2024-04-29,2.81,Smart Speaker
231,38,15,2024-06-25,2.98,Mobile
232,35,164,2023-05-27,2.99,Desktop
233,51,98,2024-03-29,4.85,Mobile
234,128,164,2023-02-23,2.97,Tablet
235,82,3,2023-01-01,0.86,Desktop
236,88,134,2024-03-21,2.4,Mobile
237,96,59,2023-03-10,3.48,Desktop
238,37,196,2023-04-21,1.62,Mobile
239,84,177,2023-10-24,0.87,Mobile
240,14,74,2023-04-10,4.36,Mobile
241,28,78,2024-05-31,4.29,Mobile
242,35,93,2024-12-04,6.05,Mobile
243,111,19,2023-08-07,4.1,Smart Speaker
244,48,89,2024-10-19,2.29,Smart TV
245,125,162,2023-05-05,2.41,Mobile
246,59,89,2024-06-07,3.69,Desktop
247,99,181,2024-04-01,4.27,Mobile
248,115,32,2023-01-01,0.62,Mobile
249,62,77,2023-11-08,3.2,Desktop
250,19,84,2024-08-08,2.9,Mobile
251,111,45,2023-08-03,3.23,Tablet
252,84,8,2024-03-17,2.88,Mobile
253,58,200,2024-03-06,3.74,Mobile
254,60,28,2023-12-11,0.5,Mobile
255,13,170,2024-02-12,3.51,Web Browser
256,64,90,2024-03-28,1.6,Mobile
257,52,115,2023-11-12,4.27,Mobile
258,126,155,2024-09-15,2.56,Smart Speaker
259,142,36,2024-01-17,2.56,Desktop
260,68,113,2024-06-18,4.07,Mobile
261,67,45,2023-10-22,3.23,Web Browser
262,150,50,2024-04-04,2.85,Mobile
263,101,25,2024-04-17,3.97,Mobile
264,127,150,2024-07-10,3.07,Mobile
265,15,81,2024-05-18,4.99,Mobile
266,67,180,2023-12-06,2.86,Mobile
267,118,45,2023-07-28,3.45,Mobile
268,142,137,2024-06-03,3.65,Mobile
269,48,195,2023-01-27,3.59,Mobile
270,136,94,2024-10-13,4.34,Smart TV
271,49,83,2023-10-23,4.02,Mobile
272,104,165,2023-04-07,2.57,Tablet
273,27,91,2023-05-23,5.4,Desktop
274,17,103,2023-07-09,3.58,Desktop
275,112,49,2024-08-24,4.76,Mobile
276,40,127,2023-10-29,3.43,Desktop
277,31,4,2024-09-02,0.61,Web Browser
278,149,2,2023-02-23,3.76,Desktop
279,99,32,2024-07-04,3.26,Mobile
280,116,55,2023-05-15,3.4,Mobile
281,67,10,2023-03-18,3.53,Mobile
282,17,83,2023-08-12,3.76,Mobile
283,131,192,2023-10-12,0.84,Mobile
284,5,16,2023-12-10,0.93,Desktop
285,2,115,2024-05-01,4.17,Desktop
286,29,14,2024-02-06,3.32,Mobile
287,118,101,2023-07-14,1.36,Mobile
288,44,78,2023-09-12,4.08,Mobile
289,142,179,2023-04-28,2.33,Desktop
290,3,11,2023-06-06,3.08,Smart Speaker
291,19,26,2023-05-19,3.03,Mobile
292,52,175,2024-07-16,2.62,Smart Speaker
293,130,4,2023-05-12,3.37,Smart Speaker
294,7,101,2024-07-25,3.05,Mobile
295,100,49,2023-04-28,4.92,Mobile
296,147,176,2023-04-08,3.41,Mobile
297,75,59,2024-11-23,3.36,Desktop
298,130,108,2023-01-20,4.45,Mobile
299,11,30,2024-10-31,3.17,Mobile
300,53,65,2024-02-22,3.27,Tablet
301,47,110,2023-04-07,2.36,Mobile
302,89,63,2024-10-19,2.23,Tablet
303,61,177,2023-06-04,2.6,Mobile
304,6,177,2023-10-19,3.31,Smart TV
305,66,25,2024-08-21,3.98,Desktop
306,6,141,2023-09-02,3.63,Mobile
307,52,136,2024-04-20,2.88,Smart Speaker
308,113,18,2024-01-20,3.31,Desktop
309,23,44,2023-12-03,3.39,Mobile
310,60,187,2024-12-02,2.89,Mobile
311,29,71,2024-07-02,3.16,Smart Speaker
312,37,83,2024-12-19,4.06,Desktop
313,16,88,2023-03-20,3.47,Mobile
314,69,123,2024-09-06,2.1,Mobile
315,121,147,2023-07-15,3.35,Desktop
316,19,14,2023-04-12,3.42,Mobile
317,148,187,2024-08-23,1.98,Mobile
318,99,100,2023-01-26,3.96,Mobile
319,11,195,2024-03-15,3.59,Mobile
320,48,80,2024-01-17,3.03,Mobile
321,51,106,2024-10-09,4.12,Smart Speaker
322,113,44,2024-07-05,1.45,Mobile
323,10,39,2023-02-04,2.54,Mobile
324,62,104,2023-04-24,0.7,Mobile
325,10,68,2023-05-29,1.48,Desktop
326,117,31,2024-04-03,2.92,Mobile
327,102,139,2023-01-11,2.27,Console
328,13,89,2024-05-17,3.7,Desktop
329,133,47,2024-08-25,2.86,Smart Speaker
330,24,14,2023-04-09,1.36,Desktop
331,44,182,2023-08-11,3.37,Smart Speaker
332,25,68,2024-04-06,3.93,Mobile
333,129,14,2024-06-23,0.73,Tablet
334,12,172,2023-09-08,5.07,Mobile
335,100,7,2024-05-06,3.32,Mobile
336,27,125,2023-08-31,1.27,Mobile
337,40,140,2023-01-11,3.81,Mobile
338,124,159,2024-04-27,3.24,Desktop
339,31,146,2023-12-24,3.91,Smart Speaker
340,89,107,2024-03-18,2.53,Mobile
341,132,95,2023-04-03,4.88,Smart Speaker
342,96,170,2024-07-03,3.42,Desktop
343,2,41,2023-08-15,3.11,Smart Speaker
344,89,61,2024-07-28,1.98,Mobile
345,50,102,2024-05-02,2.68,Mobile
346,67,107,2024-03-25,3.51,Mobile
347,55,58,2023-09-17,2.53,Mobile
348,70,103,2024-03-27,3.49,Mobile
349,142,60,2024-11-29,2.34,Mobile
350,104,112,2023-09-20,2.66,Console
351,50,38,2024-07-02,3.39,Desktop
352,40,116,2023-04-30,1.87,Mobile
353,16,106,2024-09-06,3.65,Desktop
354,142,182,2024-03-24,3.53,Desktop
355,145,45,2023-10-05,3.41,Mobile
356,65,90,2023-09-01,3.47,Mobile
357,38,106,2023-09-10,3.49,Console
358,89,82,2024-03-29,3.26,Mobile
359,32,19,2024-02-25,3.66,Mobile
360,35,1,2024-03-11,3.02,Mobile
361,5,76,2023-07-01,3.58,Mobile
362,31,128,2023-07-07,3.6,Mobile
363,23,47,2024-11-30,1.61,Mobile
364,134,196,2023-09-27,2.83,Smart Speaker
365,133,137,2024-08-22,1.7,Console
366,52,27,2023-05-30,4.74,Tablet
367,57,131,2024-09-10,2.72,Web Browser
368,44,75,2023-08-27,2.69,Desktop
369,82,10,2023-10-02,3.62,Mobile
370,42,100,2023-04-16,1.91,Smart Speaker
371,140,67,2024-10-11,3.08,Mobile
372,37,41,2023-04-30,3.11,Mobile
373,78,185,2024-09-26,3.25,Mobile
374,117,40,2024-10-30,3.79,Desktop
375,70,146,2024-03-20,0.76,Smart Speaker
376,137,28,2024-11-28,3.16,Smart Speaker
377,140,76,2024-07-19,2.25,Mobile
378,127,178,2023-07-22,0.58,Mobile
379,3,6,2023-04-17,3.08,Smart TV
380,115,167,2023-03-11,3.05,Mobile
381,139,72,2023-10-07,3.49,Tablet
382,86,100,2024-07-15,3.86,Mobile
383,11,16,2023-02-23,1.38,Mobile
384,23,181,2024-04-24,4.43,Desktop
385,53,183,2023-01-10,3.59,Mobile
386,58,179,2024-03-04,3.7,Mobile
387,92,89,2024-05-02,3.86,Smart Speaker
388,38,24,2024-01-10,3.7,Mobile
389,96,180,2024-12-24,2.4,Mobile
390,136,171,2024-09-08,3.53,Mobile
391,103,77,2023-07-10,2.56,Mobile
392,47,193,2023-01-21,3.24,Mobile
393,102,128,2024-12-19,2.51,Smart Speaker
394,25,179,2023-03-12,1.63,Tablet
395,92,49,2023-12-30,0.99,Web Browser
396,93,184,2023-11-01,2.94,Mobile
397,145,160,2023-05-21,1.74,Tablet
398,13,187,2024-12-31,1.97,Smart TV
399,25,11,2023-12-07,3.26,Smart TV
400,57,30,2024-10-30,3.33,Mobile
401,10,25,2023-07-08,4.11,Mobile
402,2,19,2023-03-08,3.39,Desktop
403,103,169,2023-02-10,2.89,Mobile
404,6,25,2023-01-08,2.61,Desktop
405,18,118,2024-04-26,1.58,Mobile
406,52,175,2024-04-09,2.67,Smart Speaker
407,15,175,2023-02-11,2.16,Desktop
408,90,147,2023-08-15,1.17,Mobile
409,46,163,2024-01-07,2.74,Mobile
410,13,61,2024-04-19,3.22,Mobile
411,2,7,2023-03-18,2.61,Mobile
412,116,196,2024-08-13,2.4,Mobile
413,72,37,2023-01-21,3.55,Desktop
414,114,198,2024-08-16,3.69,Mobile
415,78,11,2024-08-20,3.26,Smart Speaker
416,68,169,2024-11-25,2.21,Mobile
417,130,84,2024-12-05,2.77,Mobile
418,34,125,2024-08-09,4.37,Mobile
419,100,122,2023-08-08,5.06,Smart Speaker
420,58,63,2024-10-09,2.25,Web Browser
421,112,121,2024-07-05,4.46,Desktop
422,50,69,2024-07-14,3.02,Mobile
423,98,130,2024-02-27,3.03,Desktop
424,130,183,2023-12-08,3.36,Mobile
425,107,24,2024-08-29,1.42,Smart Speaker
426,6,89,2024-10-10,2.09,Mobile
427,76,73,2023-03-10,0.57,Console
428,56,33,2024-09-21,2.01,Mobile
429,8,139,2024-01-31,3.33,Desktop
430,112,41,2023-01-10,3.15,Web Browser
431,128,108,2023-01-13,4.39,Smart Speaker
432,61,198,2023-03-23,1.46,Mobile
433,31,6,2024-05-27,2.11,Smart Speaker
434,140,69,2023-07-26,2.28,Desktop
435,44,123,2024-06-15,4.2,Smart Speaker
436,131,158,2023-11-23,1.53,Desktop
437,85,135,2023-01-04,2.45,Desktop
438,29,12,2024-12-09,2.6,Desktop
439,60,176,2024-02-17,3.45,Tablet
440,65,59,2023-06-12,1.45,Tablet
441,99,97,2024-06-30,4.68,Mobile
442,124,134,2023-11-21,0.54,Web Browser
443,128,103,2024-01-21,3.69,Smart TV
444,17,198,2024-01-30,3.65,Smart Speaker
445,106,82,2023-11-23,3.76,Mobile
446,116,71,2023-08-24,3.17,Mobile
447,64,57,2023-03-01,2.79,Smart Speaker
448,111,97,2024-04-16,4.34,Smart TV
449,123,61,2023-06-08,2.75,Mobile
450,105,33,2023-07-02,3.23,Desktop
451,138,197,2024-06-29,2.51,Web Browser
452,148,14,2023-01-13,2.32,Desktop
453,52,178,2024-12-12,3.42,Mobile
454,62,85,2024-03-10,3.14,Desktop
455,29,162,2024-03-14,2.32,Mobile
456,97,186,2023-10-05,2.88,Smart TV
457,28,183,2023-04-15,3.6,Desktop
458,48,178,2023-10-15,3.47,Smart Speaker
459,103,159,2024-05-23,3.12,Desktop
460,30,51,2024-06-12,1.6,Desktop
461,61,75,2024-08-16,3.38,Desktop
462,113,14,2023-08-02,3.62,Mobile
463,45,114,2024-08-20,2.85,Tablet
464,127,178,2024-09-24,3.22,Mobile
465,27,28,2023-08-29,1.34,Mobile
466,39,81,2023-05-05,4.95,Desktop
467,76,86,2024-10-12,4.38,Smart Speaker
468,148,70,2024-05-16,3.15,Mobile
469,131,172,2023-06-10,5.6,Mobile
470,73,3,2024-06-06,3.57,Mobile
471,76,38,2024-03-31,3.41,Mobile
472,44,198,2023-02-08,2.84,Tablet
473,146,9,2023-07-22,1.37,Mobile
474,22,79,2023-11-23,3.13,Desktop
475,130,129,2023-12-17,7,Smart Speaker
476,124,109,2023-09-24,4.1,Desktop
477,44,149,2024-01-21,2.65,Mobile
478,140,166,2023-08-11,0.66,Desktop
479,94,91,2024-08-26,4.92,Smart Speaker
480,41,151,2023-02-13,2.06,Mobile
481,106,133,2024-03-24,2.74,Mobile
482,113,135,2024-01-12,2.87,Desktop
483,114,29,2023-04-06,2.62,Console
484,116,37,2023-11-09,2.06,Smart Speaker
485,19,59,2024-12-22,3.23,Web Browser
486,94,113,2024-01-04,3.81,Tablet
487,106,192,2023-09-25,3.64,Web Browser
488,137,161,2024-02-18,2.73,Tablet
489,42,169,2024-04-23,2.87,Mobile
490,54,168,2023-11-01,1.06,Smart Speaker
491,105,184,2023-01-31,3.64,Mobile
492,58,111,2024-01-26,3.41,Desktop
493,87,192,2023-09-21,3.48,Tablet
494,13,115,2024-05-12,3.99,Web Browser
495,147,13,2023-12-02,4.11,Mobile
496,102,55,2023-08-08,1.97,Tablet
497,16,77,2023-09-08,0.85,Desktop
498,66,152,2024-05-28,3.76,Mobile
499,131,161,2023-05-02,2.81,Mobile
500,80,101,2024-06-04,3.03,Mobile
501,134,117,2024-10-17,0.85,Mobile
502,55,67,2023-12-08,3.19,Desktop
503,144,154,2023-01-09,2.75,Mobile
504,122,121,2024-10-13,4.16,Desktop
505,67,29,2023-06-08,2.78,Desktop
506,72,90,2024-05-26,0.79,Tablet
507,47,180,2023-06-12,2.8,Smart Speaker
508,93,144,2023-05-08,2.86,Mobile
509,111,183,2024-03-02,3.61,Desktop
510,16,132,2024-12-27,2.84,Smart Speaker
511,106,48,2024-05-19,3.58,Desktop
512,38,127,2023-02-26,3.21,Mobile
513,69,172,2024-06-16,5.28,Desktop
514,144,30,2024-08-18,3.07,Mobile
515,59,43,2023-02-27,0.82,Web Browser
516,70,73,2023-06-30,4.77,Mobile
517,97,85,2024-09-02,3,Mobile
518,8,49,2023-04-03,0.72,Desktop
519,133,184,2024-01-18,1.28,Console
520,90,27,2023-08-09,4.56,Mobile
521,149,95,2024-08-02,4.84,Tablet
522,133,181,2023-11-20,4.46,Desktop
523,58,161,2023-11-17,2.67,Tablet
524,68,22,2023-09-23,4.13,Desktop
525,92,145,2024-03-29,3.17,Mobile
526,9,149,2023-07-20,2.7,Tablet
527,132,111,2023-12-19,1.87,Console
528,36,95,2023-03-12,4.03,Mobile
529,123,43,2023-01-21,2.9,Console
530,30,29,2023-02-12,1.44,Smart Speaker
531,133,115,2024-02-24,4.33,Web Browser
532,114,157,2024-04-11,2.93,Smart Speaker
533,99,169,2023-09-25,1.82,Desktop
534,48,118,2023-01-15,1.49,Mobile
535,2,65,2024-01-09,3.46,Smart TV
536,110,59,2024-07-13,3.56,Desktop
537,31,136,2023-07-20,2.97,Smart Speaker
538,67,44,2023-10-13,3.42,Mobile
539,4,44,2024-09-14,3.47,Mobile
540,78,69,2023-02-22,2.77,Mobile
541,100,136,2023-04-03,3.04,Smart Speaker
542,58,138,2024-11-11,3.25,Mobile
543,71,1,2024-06-10,3.1,Mobile
544,108,182,2024-01-25,1.38,Mobile
545,54,16,2024-11-14,3.97,Mobile
546,86,130,2024-12-14,3.62,Smart Speaker
547,93,80,2023-10-19,3.09,Mobile
548,146,42,2024-04-18,2.89,Web Browser
549,39,173,2024-04-01,3.32,Smart Speaker
550,141,84,2024-12-19,2.67,Mobile
551,57,151,2024-09-30,2.11,Mobile
552,18,120,2024-08-15,4.25,Smart Speaker
553,45,90,2023-01-21,3.55,Desktop
554,40,36,2024-11-04,2.52,Mobile
555,68,174,2023-08-14,2.06,Mobile
556,133,125,2023-09-20,4.18,Smart Speaker
557,134,33,2024-07-21,1.51,Smart Speaker
558,7,25,2024-11-16,4.17,Mobile
559,82,161,2023-08-13,1.12,Mobile
560,122,44,2024-05-17,3.27,Mobile
561,101,128,2023-03-25,3.7,Desktop
562,4,157,2023-04-16,1.39,Mobile
563,49,14,2023-03-24,3.53,Mobile
564,130,186,2023-03-17,3.34,Mobile
565,90,18,2024-01-06,3.29,Smart TV
566,63,88,2024-02-17,2.87,Mobile
567,52,162,2023-07-11,2.46,Mobile
568,140,103,2024-07-07,3.7,Mobile
569,121,186,2023-02-15,2.9,Smart Speaker
570,39,11,2023-09-28,3.31,Tablet
571,114,48,2023-11-13,4.5,Smart Speaker
572,28,193,2024-07-06,3.21,Web Browser
573,66,94,2024-05-15,3.98,Smart Speaker
574,128,169,2024-04-22,3.03,Web Browser
575,101,167,2023-03-26,3.25,Smart Speaker
576,77,179,2023-05-06,3.8,Console
577,36,64,2024-11-16,3.15,Smart Speaker
578,62,18,2023-01-08,3.41,Mobile
579,31,61,2023-05-27,3.24,Web Browser
580,87,95,2024-08-16,2.29,Desktop
581,26,102,2023-10-05,2.61,Web Browser
582,84,6,2024-02-05,3.14,Mobile
583,57,71,2024-03-24,3.14,Mobile
584,117,186,2024-09-04,3.19,Mobile
585,3,42,2023-05-24,2.79,Console
586,120,36,2023-12-30,1.77,Smart TV
587,116,27,2024-08-28,4.9,Smart Speaker
588,93,140,2023-08-12,1.4,Mobile
589,19,64,2024-07-18,3.05,Smart TV
590,100,128,2023-06-13,3.83,Mobile
591,120,47,2024-09-25,2.09,Mobile
592,9,110,2023-05-24,3.45,Mobile
593,11,167,2023-08-20,1.19,Mobile
594,126,158,2024-10-04,2.25,Smart Speaker
595,114,37,2023-04-23,2.6,Mobile
596,129,112,2023-08-18,3.79,Smart Speaker
597,127,137,2024-10-30,1.2,Smart Speaker
598,84,65,2024-02-27,3.29,Smart TV
599,106,186,2023-06-30,3.35,Console
600,23,75,2024-03-01,3.72,Mobile
601,9,48,2024-11-22,4.33,Desktop
602,93,108,2023-06-10,4.65,Console
603,91,6,2023-08-08,3.27,Smart Speaker
604,13,199,2024-10-09,3.69,Mobile
605,114,95,2024-07-19,0.8,Mobile
606,134,198,2024-11-03,3.74,Mobile
607,39,115,2023-07-16,4.13,Desktop
608,69,78,2024-07-07,4.13,Desktop
609,82,169,2023-09-06,2.38,Mobile
610,119,99,2023-11-12,3.65,Desktop
611,73,104,2023-10-13,3.39,Smart Speaker
612,70,24,2023-07-28,2.8,Tablet
613,24,131,2023-05-23,2.85,Web Browser
614,59,102,2023-03-16,2.72,Mobile
615,125,137,2023-12-25,3.03,Mobile
616,100,95,2023-01-28,4.6,Mobile
617,112,125,2024-07-26,4.24,Mobile
618,44,127,2024-11-23,3.38,Smart Speaker
619,56,91,2023-07-06,5.36,Mobile
620,60,133,2024-08-25,1.29,Smart TV
621,44,23,2023-10-04,4.22,Mobile
622,89,128,2023-09-13,3.76,Smart Speaker
623,51,52,2023-11-21,1.98,Console
624,20,110,2023-12-28,1.93,Mobile
625,43,51,2023-09-11,2.4,Smart Speaker
626,85,51,2023-05-12,2.43,Smart TV
627,141,61,2024-01-09,3.24,Desktop
628,52,88,2023-11-24,3.58,Mobile
629,71,19,2024-01-27,4.58,Web Browser
630,81,166,2024-12-25,3.37,Desktop
631,28,87,2023-09-07,3.37,Mobile
632,55,126,2023-07-02,5.13,Smart TV
633,36,114,2023-05-28,2.76,Desktop
634,73,148,2024-10-02,3.55,Mobile
635,40,62,2023-09-20,0.71,Desktop
636,111,71,2024-03-18,1.67,Desktop
637,97,185,2023-01-14,3.33,Smart TV
638,25,67,2023-07-21,3.05,Tablet
639,128,1,2024-01-15,3.32,Tablet
640,80,41,2024-12-13,3.07,Mobile
641,31,66,2023-11-22,2.38,Mobile
642,30,80,2023-11-07,0.92,Mobile
643,109,52,2023-09-30,2.84,Mobile
644,93,81,2024-01-07,4.76,Console
645,104,67,2023-02-22,3.08,Mobile
646,4,61,2023-05-20,1.33,Mobile
647,143,87,2023-07-18,3.35,Desktop
648,141,161,2024-06-08,2.67,Desktop
649,116,41,2024-01-11,3.14,Mobile
650,1,107,2024-07-20,3.54,Console
651,138,181,2023-03-05,4.18,Smart Speaker
652,75,185,2023-10-23,3.13,Mobile
653,95,93,2024-04-02,1.61,Mobile
654,139,43,2023-09-09,3.11,Mobile
655,46,142,2024-11-25,1.91,Console
656,118,181,2024-12-03,4.49,Desktop
657,35,156,2023-10-08,2.75,Tablet
658,53,70,2024-11-17,3.09,Tablet
659,78,199,2024-11-09,4.42,Console
660,114,15,2024-08-22,3.14,Mobile
661,61,191,2023-01-23,2.93,Desktop
662,54,54,2024-03-06,2.68,Mobile
663,138,172,2024-03-04,4.72,Mobile
664,74,73,2023-04-20,4.49,Mobile
665,33,99,2023-05-01,3.42,Console
666,116,193,2023-06-25,3.29,Tablet
667,33,39,2024-08-06,3.4,Tablet
668,68,182,2024-06-26,3.61,Tablet
669,74,2,2023-12-26,3.58,Mobile
670,53,88,2024-07-09,1.22,Mobile
671,29,105,2024-10-22,4,Mobile
672,142,99,2023-04-18,3.71,Mobile
673,81,152,2023-10-24,1.54,Web Browser
674,1,120,2023-11-10,4.31,Console
675,86,112,2024-06-27,1.38,Desktop
676,66,5,2023-10-07,4.16,Mobile
677,51,40,2023-10-23,1.63,Console
678,53,196,2024-03-23,2.68,Desktop
679,18,33,2023-10-26,3.32,Desktop
680,119,141,2023-08-17,3.13,Tablet
681,94,65,2023-02-02,3.27,Desktop
682,1,41,2023-01-24,3.08,Tablet
683,99,96,2023-12-18,3.74,Smart Speaker
684,126,33,2024-04-05,3.38,Smart Speaker
685,22,31,2023-09-20,2.78,Smart TV
686,149,58,2023-06-16,3.35,Mobile
687,113,117,2023-10-13,1.09,Tablet
688,20,147,2024-07-15,1.38,Smart TV
689,150,70,2023-02-25,3.05,Desktop
690,136,10,2023-08-08,1.71,Mobile
691,27,96,2023-09-03,0.93,Smart Speaker
692,80,57,2023-10-21,2.73,Mobile
693,71,23,2023-01-30,4.43,Mobile
694,74,58,2023-08-01,2.28,Smart Speaker
695,134,30,2023-04-19,0.73,Smart TV
696,119,67,2023-04-17,3.19,Mobile
697,43,68,2023-04-18,0.63,Mobile
698,37,34,2023-06-02,2.76,Mobile
699,138,26,2024-09-09,2.94,Mobile
700,83,54,2023-12-17,2.7,Mobile
701,125,161,2023-04-25,2.72,Smart Speaker
702,139,74,2024-02-26,4.22,Mobile
703,101,198,2023-08-12,3.52,Console
704,1,174,2023-09-17,0.74,Desktop
705,2,80,2023-02-23,1.8,Mobile
706,130,133,2024-12-12,2.77,Smart Speaker
707,145,55,2023-12-20,3.18,Smart Speaker
708,149,151,2024-07-02,2.17,Tablet
709,94,158,2024-05-07,2.45,Console
710,86,162,2023-05-19,1.21,Smart Speaker
711,19,127,2024-12-13,1.35,Desktop
712,55,94,2024-11-04,4.28,Mobile
713,62,5,2023-10-13,2.8,Mobile
714,122,137,2023-04-21,3.36,Desktop
715,62,43,2024-08-02,3.17,Mobile
716,49,136,2023-10-22,2.91,Mobile
717,80,134,2023-06-28,2.9,Desktop
718,47,27,2023-07-31,4.64,Smart Speaker
719,111,90,2024-03-26,3.37,Smart Speaker
720,57,59,2023-08-27,3.32,Mobile
721,74,58,2024-02-08,3.42,Smart Speaker
722,91,78,2023-03-19,4.14,Mobile
723,93,139,2024-06-01,3.15,Web Browser
724,58,161,2023-12-24,0.71,Smart Speaker
725,136,49,2024-08-20,4.91,Desktop
726,64,180,2024-09-06,0.5,Web Browser
727,117,165,2023-04-14,2.6,Smart TV
728,137,123,2023-09-08,4.9,Mobile
729,85,185,2024-07-18,1.24,Smart TV
730,110,53,2024-02-22,3.22,Mobile
731,118,91,2023-10-04,5.42,Web Browser
732,122,96,2024-11-03,2.01,Tablet
733,42,94,2023-01-22,3.09,Tablet
734,62,168,2023-11-24,3.05,Desktop
735,145,53,2023-11-16,3.42,Smart TV
736,116,79,2024-12-18,3.41,Desktop
737,25,135,2023-03-07,2.73,Mobile
738,92,28,2024-01-19,3.11,Mobile
739,132,86,2023-09-13,4.43,Mobile
740,46,71,2024-01-02,2.58,Mobile
741,124,187,2024-05-26,2.99,Desktop
742,117,71,2023-08-31,3.4,Tablet
743,13,37,2023-12-07,3.57,Tablet
744,92,131,2023-12-20,2.25,Smart Speaker
745,32,79,2023-12-20,3.14,Mobile
746,83,170,2024-10-14,3.55,Mobile
747,25,172,2023-10-07,5.37,Tablet
748,93,120,2024-04-15,4.04,Mobile
749,121,69,2024-07-13,1.89,Web Browser
750,111,196,2023-03-27,2.75,Mobile
751,6,11,2023-04-08,3.3,Smart Speaker
752,41,73,2023-11-06,4.41,Smart TV
753,48,127,2024-03-14,3.22,Tablet
754,72,170,2023-09-16,3.57,Mobile
755,116,65,2024-10-14,3.5,Desktop
756,60,80,2023-09-27,3.11,Desktop
757,75,185,2023-03-03,3.15,Desktop
758,127,97,2024-11-15,3.62,Mobile
759,90,50,2024-06-09,1.55,Desktop
760,111,151,2024-03-13,2.28,Mobile
761,38,81,2024-09-04,5.08,Mobile
762,38,131,2023-02-09,2.71,Mobile
763,70,79,2024-03-04,3.26,Smart TV
764,136,11,2023-11-29,2.16,Desktop
765,4,164,2024-10-20,2.92,Tablet
766,94,1,2024-06-19,3.14,Smart TV
767,94,131,2023-08-21,2.82,Console
768,56,36,2024-03-12,2.42,Desktop
769,31,171,2024-01-09,3.46,Smart TV
770,108,166,2024-01-29,3.15,Mobile
771,54,54,2023-12-07,1.51,Mobile
772,20,188,2023-02-06,2.99,Mobile
773,104,60,2023-04-18,2.17,Mobile
774,125,108,2023-09-20,4.36,Mobile
775,49,57,2024-10-01,2.75,Mobile
776,15,38,2024-09-01,1.93,Desktop
777,94,116,2024-08-30,3.17,Desktop
778,76,62,2024-03-26,2.05,Mobile
779,62,70,2024-05-17,3.11,Mobile
780,64,83,2023-04-13,3.74,Mobile
781,72,134,2023-05-11,2.82,Mobile
782,47,185,2023-06-12,3.1,Mobile
783,98,164,2023-11-26,3,Web Browser
784,23,112,2023-01-27,3.2,Mobile
785,85,38,2023-01-09,3.31,Web Browser
786,60,110,2023-08-12,3.5,Smart TV
787,132,143,2023-04-05,0.52,Smart Speaker
788,5,122,2024-06-27,4.68,Mobile
789,78,178,2024-12-17,3.27,Tablet
790,49,34,2023-01-21,0.65,Mobile
791,99,67,2023-06-12,1.68,Smart Speaker
792,149,17,2023-03-19,2.72,Desktop
793,22,41,2024-10-16,3.14,Desktop
794,126,150,2023-07-08,3.12,Tablet
795,84,136,2024-04-07,3.05,Smart TV
796,149,39,2023-08-16,1.97,Smart TV
797,60,108,2023-05-24,4.62,Mobile
798,69,170,2024-11-02,3.35,Smart TV
799,61,147,2024-08-17,2.08,Mobile
800,67,33,2023-05-26,2.4,Desktop
801,53,105,2023-11-13,3.73,Smart Speaker
802,3,75,2023-04-23,3.75,Smart Speaker
803,73,33,2024-03-29,3.54,Mobile
804,28,71,2024-11-14,3.32,Mobile
805,16,49,2023-01-10,3.35,Mobile
806,61,102,2024-08-19,2.62,Mobile
807,54,34,2024-11-07,2.8,Mobile
808,82,156,2024-06-30,2.78,Mobile
809,90,141,2024-09-22,3.4,Smart TV
810,138,190,2024-10-08,0.62,Mobile
811,138,191,2024-08-03,3.08,Web Browser
812,122,12,2024-08-28,2.64,Web Browser
813,54,74,2024-08-04,1.53,Desktop
814,150,83,2023-02-16,3.71,Smart Speaker
815,141,174,2024-09-17,3.17,Web Browser
816,95,145,2023-10-03,1.77,Mobile
817,150,114,2024-11-13,2.73,Smart TV
818,94,13,2023-01-16,4.07,Mobile
819,74,110,2023-02-14,3.28,Mobile
820,35,18,2024-04-08,0.59,Tablet
821,130,74,2024-01-16,4.19,Smart Speaker
822,84,62,2024-11-18,0.74,Mobile
823,50,24,2023-02-27,3.61,Tablet
824,71,92,2024-03-26,4.57,Mobile
825,127,187,2024-12-24,1.13,Web Browser
826,78,186,2024-11-07,3.4,Mobile
827,34,166,2023-04-10,3.24,Mobile
828,42,96,2024-08-29,3.64,Mobile
829,5,94,2024-05-23,4.05,Smart TV
830,16,198,2023-06-17,3.79,Desktop
831,59,9,2023-06-09,2.52,Mobile
832,135,85,2024-09-27,3.1,Web Browser
833,90,88,2024-10-15,0.52,Desktop
834,84,168,2024-10-05,3,Desktop
835,140,102,2023-07-14,2.69,Mobile
836,6,7,2023-10-10,3.53,Web Browser
837,143,54,2024-12-28,2.95,Smart Speaker
838,89,165,2023-05-15,2.63,Mobile
839,117,154,2024-06-04,1.01,Smart TV
840,107,180,2023-01-22,3.04,Tablet
841,99,110,2024-04-16,3.16,Smart TV
842,141,101,2024-09-22,3.31,Mobile
843,66,128,2024-05-10,3.58,Mobile
844,24,1,2024-04-12,3.25,Smart Speaker
845,128,90,2024-08-19,1.92,Smart Speaker
846,92,163,2024-04-21,2.8,Mobile
847,37,100,2023-01-14,2.71,Smart Speaker
848,137,112,2024-01-03,3.81,Mobile
849,40,36,2023-01-22,2.49,Mobile
850,142,112,2024-02-13,3.68,Desktop
851,125,117,2024-04-19,3.95,Mobile
852,11,100,2024-05-29,3.87,Mobile
853,54,183,2024-11-24,3.58,Mobile
854,145,159,2023-04-20,2.97,Mobile
855,71,27,2024-06-12,3.31,Desktop
856,77,171,2023-06-06,1.75,Mobile
857,149,97,2024-05-12,4.62,Smart Speaker
858,77,20,2024-07-18,1.97,Mobile
859,70,6,2023-03-26,3.17,Mobile
860,116,146,2024-02-15,1.17,Smart Speaker
861,12,124,2023-12-20,3.74,Desktop
862,34,55,2024-11-20,3.36,Desktop
863,50,108,2024-04-10,4.37,Smart TV
864,62,195,2024-07-18,3.57,Web Browser
865,70,166,2023-10-04,3.41,Smart Speaker
866,72,157,2023-03-08,2.77,Smart Speaker
867,12,175,2024-10-17,2.81,Mobile
868,111,172,2024-07-14,5.14,Desktop
869,17,153,2024-03-28,3.32,Desktop
870,71,184,2023-04-02,3.98,Desktop
871,100,144,2023-12-26,0.64,Desktop
872,54,184,2024-05-06,3.87,Smart Speaker
873,91,192,2023-10-13,1.54,Smart Speaker
874,3,173,2024-09-01,3.28,Desktop
875,122,53,2024-03-24,3.17,Web Browser
876,58,67,2024-10-19,0.95,Desktop
877,47,176,2024-07-11,1.14,Tablet
878,121,188,2024-09-24,0.94,Smart Speaker
879,116,23,2024-11-05,2.39,Console
880,22,29,2024-05-18,2.67,Smart Speaker
881,5,199,2023-08-05,2.53,Mobile
882,104,198,2023-10-24,0.94,Smart TV
883,57,199,2023-04-27,2.42,Mobile
884,76,132,2024-08-28,2.93,Smart TV
885,88,87,2023-11-20,3.58,Desktop
886,144,28,2023-02-20,3.15,Smart TV
887,1,19,2024-07-05,4.31,Console
888,124,170,2024-07-16,1.02,Smart Speaker
889,87,64,2024-08-27,3.28,Smart TV
890,125,59,2023-03-22,3.25,Mobile
891,79,119,2023-11-11,3.25,Desktop
892,56,15,2024-08-16,3.1,Smart Speaker
893,114,59,2024-07-02,3.36,Desktop
894,102,90,2024-05-15,3.39,Desktop
895,103,148,2024-07-01,1.98,Mobile
896,84,70,2024-06-02,3.07,Smart Speaker
897,55,164,2024-08-17,2.17,Desktop
898,102,168,2024-08-08,3.03,Console
899,139,29,2024-01-23,2.75,Console
900,83,74,2023-04-26,4.53,Console
901,92,48,2023-03-20,4.49,Mobile
902,52,140,2023-12-04,4.08,Web Browser
903,19,57,2024-03-17,2.78,Mobile
904,50,124,2023-01-08,3.91,Desktop
905,145,21,2024-01-29,2.05,Smart Speaker
906,129,149,2023-03-15,2.67,Smart Speaker
907,97,5,2023-04-14,1.48,Mobile
908,2,81,2024-05-12,5.03,Console
909,146,166,2024-10-23,3.2,Desktop
910,146,101,2024-07-27,3.12,Desktop
911,13,194,2024-05-07,3.4,Mobile
912,42,154,2023-08-22,1.71,Mobile
913,112,3,2023-10-27,3.26,Smart TV
914,117,122,2023-10-17,5.14,Mobile
915,104,180,2024-03-22,1.32,Mobile
916,86,183,2023-10-30,2.89,Mobile
917,80,108,2023-12-06,3.67,Mobile
918,105,31,2024-11-30,2.77,Mobile
919,90,4,2023-07-13,3.31,Mobile
920,3,143,2024-02-25,3.37,Mobile
921,66,23,2024-04-03,4.23,Mobile
922,132,73,2024-04-09,4.46,Mobile
923,29,100,2023-08-01,3.14,Mobile
924,136,185,2024-08-04,3.35,Tablet
925,18,98,2023-05-13,4.66,Mobile
926,144,35,2024-06-18,2.87,Smart TV
927,134,88,2024-07-24,3.67,Smart Speaker
928,34,25,2023-10-30,3.04,Desktop
929,92,155,2023-12-05,2.51,Mobile
930,62,84,2023-01-06,1.98,Smart Speaker
931,48,186,2024-06-12,3.1,Desktop
932,67,18,2024-01-11,3.35,Mobile
933,144,49,2024-04-21,5,Desktop
934,5,80,2024-06-17,3.08,Smart Speaker
935,136,79,2024-08-04,3.19,Desktop
936,102,126,2024-04-27,4.95,Desktop
937,10,48,2023-10-10,4.13,Mobile
938,129,19,2023-04-16,4.47,Mobile
939,88,85,2023-08-02,2.27,Mobile
940,44,104,2024-12-14,1.26,Desktop
941,134,177,2023-01-20,3.38,Smart Speaker
942,109,49,2024-07-29,4.73,Smart Speaker
943,29,4,2023-03-12,3.46,Mobile
944,22,153,2024-01-13,3.68,Web Browser
945,147,109,2023-04-14,3.97,Desktop
946,70,112,2023-05-24,1.42,Mobile
947,75,120,2024-07-28,3.35,Mobile
948,130,25,2024-01-11,3.9,Mobile
949,148,35,2023-10-31,1.48,Desktop
950,129,177,2024-10-04,3.07,Smart TV
951,60,183,2024-12-19,3.51,Mobile
952,77,176,2024-05-19,3.56,Mobile
953,45,96,2023-10-29,2.63,Mobile
954,91,122,2023-03-17,5.03,Mobile
955,138,110,2024-08-14,3.41,Mobile
956,123,7,2024-11-01,3.45,Mobile
957,105,102,2024-04-02,2.54,Mobile
958,138,119,2023-02-22,2.88,Mobile
959,95,21,2024-04-13,3.53,Desktop
960,132,137,2023-11-13,3.62,Mobile
961,19,157,2023-11-30,2.99,Smart Speaker
962,97,135,2024-05-20,2.89,Mobile
963,123,85,2024-08-29,3.12,Tablet
964,76,111,2024-01-10,3.44,Desktop
965,101,61,2024-12-27,3.19,Mobile
966,76,181,2023-08-05,4.37,Mobile
967,124,79,2024-07-29,2.42,Smart Speaker
968,100,89,2023-04-03,3.94,Desktop
969,91,123,2024-03-18,4.52,Mobile
970,4,10,2023-01-14,3.55,Mobile
971,139,142,2023-07-31,2.68,Tablet
972,104,142,2023-08-11,4.07,Console
973,103,54,2023-12-16,2.8,Mobile
974,94,134,2024-02-28,2.83,Mobile
975,90,121,2024-08-24,4.24,Mobile
976,85,136,2024-07-27,3.03,Smart TV
977,140,104,2024-10-22,3.67,Mobile
978,139,199,2023-10-10,4.3,Smart Speaker
979,48,19,2024-01-10,4.29,Smart TV
980,37,173,2024-01-17,3.36,Mobile
981,128,145,2023-09-22,3.26,Mobile
982,9,60,2023-03-10,2.26,Mobile
983,135,95,2024-10-27,3.47,Mobile
984,113,149,2024-12-07,2.57,Mobile
985,50,31,2024-02-10,2.82,Mobile
986,133,64,2023-03-18,3.11,Smart Speaker
987,104,161,2024-07-15,2.75,Desktop
988,55,34,2024-08-06,2.62,Mobile
989,85,32,2024-10-22,3.45,Mobile
990,99,188,2023-12-16,2.88,Tablet
991,117,125,2023-03-16,4.24,Smart TV
992,115,131,2023-10-05,2.72,Smart Speaker
993,138,183,2024-09-08,3.35,Mobile
994,98,66,2023-07-15,2.42,Mobile
995,73,137,2023-01-14,3.48,Mobile
996,46,192,2023-12-15,3.64,Mobile
997,44,134,2023-07-06,2.82,Smart Speaker
998,110,197,2023-05-21,0.6,Mobile
999,20,120,2023-12-16,1.28,Smart Speaker
1000,13,24,2023-12-29,3.55,Tablet
